{"entities":{"pages":{"Overview":{"id":"Overview","title":"Overview","url":"overview.html","level":0,"tabIndex":0},"Introduction-to-Java":{"id":"Introduction-to-Java","title":"Introduction to Java","url":"introduction-to-java.html","level":0,"tabIndex":1},"Table-of-content":{"id":"Table-of-content","title":"Table of content","url":"table-of-content.html","level":0,"tabIndex":2},"Reference":{"id":"Reference","title":"Reference","url":"reference.html","level":0,"tabIndex":3},"Terms-and-Conditions":{"id":"Terms-and-Conditions","title":"Terms and Conditions","url":"terms-and-conditions.html","level":0,"tabIndex":4},"Code-of-conduct":{"id":"Code-of-conduct","title":"Code of conduct","url":"code-of-conduct.html","level":0,"tabIndex":5}}},"topLevelIds":["Overview","Introduction-to-Java","Table-of-content","Reference","Terms-and-Conditions","Code-of-conduct"]}